QuadStick Configuration,Version 1.4,https://docs.google.com/spreadsheets/d/1WzP0apDbLfB9NDNR2DclRqu1rXYt0JjuPJG73n1m2oU/edit,ddfortnite
Profile Name,,Left joy,
ddfortnite.csv,,Normal,
Output or Function,Function,usb,
increment_mode,normal,right_sip,
decrement_mode,normal,right_puff,
dpad_N,normal,
dpad_NE,normal,
dpad_E,normal,
dpad_SE,normal,
dpad_S,normal,
dpad_SW,normal,
dpad_W,normal,
dpad_NW,normal,
left_joy_left,normal,left,
left_joy_right,normal,right,
left_joy_up,normal,up,
left_joy_down,normal,down,
right_joy_left,normal,
right_joy_right,normal,
right_joy_up,normal,
right_joy_down,normal,
left_1,normal,mp_left_puff,
left_2,normal,mp_center_sip,
left_3,normal,mp_left_center_puff,
right_1,normal,mp_right_puff,
right_2,normal,mp_center_puff,
right_3,normal,mp_right_center_puff,
x,normal,mp_left_sip,
circle,normal,mp_left_sip_soft,
square,normal,lip,
triangle,normal,mp_right_sip,
select,normal,
ps3,normal,mp_center_sip_soft,
start,normal,
left_1,normal,
right_1,normal,
select,normal,
touch,normal,
left_3,normal,mp_left_center_sip,
right_3,normal,mp_left_center_sip,

Profile Name,,Left joy,
,,Normal,
Output or Function,Function,usb,
increment_mode,normal,right_sip,
decrement_mode,normal,right_puff,
dpad_N,normal,
dpad_NE,normal,
dpad_E,normal,
dpad_SE,normal,
dpad_S,normal,
dpad_SW,normal,
dpad_W,normal,
dpad_NW,normal,
left_joy_left,normal,
left_joy_right,normal,
left_joy_up,normal,up,
left_joy_down,normal,down,
right_joy_left,normal,left,
right_joy_right,normal,right,
right_joy_up,normal,
right_joy_down,normal,
left_1,normal,mp_left_puff,
left_2,normal,mp_center_sip,
left_3,normal,mp_left_center_puff,
right_1,normal,mp_right_puff,
right_2,normal,mp_center_puff,
right_3,normal,mp_right_center_puff,
x,normal,mp_left_sip,
circle,normal,mp_left_sip_soft,
square,normal,lip,
triangle,normal,mp_right_sip,
select,normal,
ps3,normal,mp_center_sip_soft,
start,normal,
left_1,normal,
right_1,normal,
select,normal,
touch,normal,
left_3,normal,mp_left_center_sip,
right_3,normal,mp_left_center_sip,
increment_mode,normal,mp_center_sip,

Profile Name,,Right joy,
,,Normal,
Output or Function,Function,usb,
increment_mode,normal,right_sip,
decrement_mode,normal,right_puff,
dpad_N,normal,
dpad_NE,normal,
dpad_E,normal,
dpad_SE,normal,
dpad_S,normal,
dpad_SW,normal,
dpad_W,normal,
dpad_NW,normal,
left_joy_left,normal,
left_joy_right,normal,
left_joy_up,normal,
left_joy_down,normal,
right_joy_left,normal,left,
right_joy_right,normal,right,
right_joy_up,normal,up,
right_joy_down,normal,down,
left_1,normal,mp_left_puff,
left_2,normal,mp_center_sip,
left_3,normal,mp_left_center_puff,
right_1,normal,mp_right_puff,
right_2,normal,mp_center_puff,
right_3,normal,mp_right_center_puff,
x,normal,mp_left_sip,
circle,normal,mp_left_sip_soft,
square,normal,lip,
triangle,normal,mp_right_sip,
select,normal,
ps3,normal,mp_center_sip_soft,
start,normal,
left_1,normal,
right_1,normal,
select,normal,
touch,normal,
left_3,normal,mp_left_center_sip,
right_3,normal,mp_left_center_sip,
decrement_mode,normal,mp_center_sip,

Profile Name,,Left joy,
,,Normal,
Output or Function,Function,usb,
increment_mode,normal,right_sip,
decrement_mode,normal,right_puff,
dpad_N,normal,
dpad_NE,normal,
dpad_E,normal,
dpad_SE,normal,
dpad_S,normal,
dpad_SW,normal,
dpad_W,normal,
dpad_NW,normal,
left_joy_left,normal,left,
left_joy_right,normal,right,
left_joy_up,normal,
left_joy_down,normal,
right_joy_left,normal,
right_joy_right,normal,
right_joy_up,normal,up,
right_joy_down,normal,down,
left_1,normal,mp_left_sip,
left_2,toggle,mp_left_puff,
left_3,normal,
right_1,normal,mp_center_puff,
right_2,normal,lip,
right_3,normal,mp_right_center_sip,
x,normal,mp_right_puff,
circle,normal,mp_right_sip,
square,normal,mp_center_sip,
triangle,normal,mp_right_center_puff,
select,normal,mp_left_sip_soft,
ps3,normal,mp_center_sip_soft,
start,normal,mp_right_sip_soft,
left_1,normal,mp_left_center_sip,
right_1,normal,mp_left_center_sip,
select,normal,mp_left_puff_soft,
right_3,delay_on,mp_left_puff_soft,
touch,normal,mp_right_puff_soft,

Profile Name,,D-Pad,
,,Normal,
Output or Function,Function,usb,
increment_mode,normal,right_sip,
decrement_mode,normal,right_puff,
dpad_N,normal,N,
dpad_NE,normal,NE,
dpad_E,normal,E,
dpad_SE,normal,SE,
dpad_S,normal,S,
dpad_SW,normal,SW,
dpad_W,normal,W,
dpad_NW,normal,NW,
left_joy_left,normal,
left_joy_right,normal,
left_joy_up,normal,
left_joy_down,normal,
right_joy_left,normal,
right_joy_right,normal,
right_joy_up,normal,
right_joy_down,normal,
left_1,normal,mp_left_sip,
left_2,toggle,mp_left_puff,
left_3,normal,mp_left_center_sip,
right_1,normal,mp_right_sip,
right_2,normal,lip,
right_3,normal,mp_right_center_sip,
x,normal,mp_right_puff,
circle,normal,mp_center_puff,
square,normal,mp_center_sip,
triangle,normal,mp_right_center_puff,
select,normal,mp_left_sip_soft,
ps3,normal,mp_center_sip_soft,
start,normal,mp_right_sip_soft,
left_1,normal,mp_left_center_sip,
right_1,normal,mp_left_center_sip,
select,normal,mp_left_puff_soft,
right_3,delay_on,mp_left_puff_soft,
touch,normal,mp_right_puff_soft,

Profile Name,,Left joy,
,,Normal,
Output or Function,Function,usb,
increment_mode,normal,right_sip,
decrement_mode,normal,right_puff,
dpad_N,normal,
dpad_NE,normal,
dpad_E,normal,
dpad_SE,normal,
dpad_S,normal,
dpad_SW,normal,
dpad_W,normal,
dpad_NW,normal,
left_joy_left,normal,
left_joy_right,normal,
left_joy_up,normal,up,
left_joy_down,normal,down,
right_joy_left,normal,left,
right_joy_right,normal,right,
right_joy_up,normal,
right_joy_down,normal,
left_1,normal,mp_left_sip,
left_2,toggle,mp_left_puff,
left_3,normal,up,
right_1,normal,mp_center_puff,
right_2,normal,mp_right_puff,
right_3,normal,mp_right_center_sip,
x,normal,lip,
circle,normal,mp_right_sip,
square,normal,mp_center_sip,
triangle,normal,mp_right_center_puff,
select,normal,mp_left_sip_soft,
ps3,normal,mp_center_sip_soft,
start,normal,mp_right_sip_soft,
left_1,normal,mp_left_center_sip,
right_1,normal,mp_left_center_sip,
select,normal,mp_left_puff_soft,
right_3,delay_on,mp_left_puff_soft,
touch,normal,mp_right_puff_soft,

Profile Name,,Left joy,
,,Normal,
Output or Function,Function,usb,
increment_mode,normal,right_sip,
decrement_mode,normal,right_puff,
dpad_N,normal,
dpad_NE,normal,
dpad_E,normal,
dpad_SE,normal,
dpad_S,normal,
dpad_SW,normal,
dpad_W,normal,
dpad_NW,normal,
left_joy_left,normal,
left_joy_right,normal,
left_joy_up,normal,up,
left_joy_down,normal,down,
right_joy_left,normal,left,
right_joy_right,normal,right,
right_joy_up,normal,
right_joy_down,normal,
left_1,normal,mp_left_sip,
left_2,toggle,mp_left_puff,
left_3,normal,up,
right_1,normal,mp_right_puff,
right_2,normal,mp_center_puff,
right_3,normal,mp_right_center_sip,
x,normal,lip,
circle,normal,mp_right_sip,
square,normal,mp_center_sip,
triangle,normal,mp_right_center_puff,
select,normal,mp_left_sip_soft,
ps3,normal,mp_center_sip_soft,
start,normal,mp_right_sip_soft,
left_1,normal,mp_left_center_sip,
right_1,normal,mp_left_center_sip,
select,normal,mp_left_puff_soft,
right_3,delay_on,mp_left_puff_soft,
touch,normal,mp_right_puff_soft,

Preferences,
,,,,
Preference,Value,Units,Description,
digital_out_1,1,on/off,Initial output state for relay 1,
digital_out_2,1,on/off,Initial output state for relay 2,

