QuadStick Configuration,Version 1.4,,Synthetic preference override
Profile Name,,Normal aim,
synthpref.csv,,Normal,
Output or Function,Function,usb,
increment_mode,normal,right_sip,
decrement_mode,normal,right_puff,
dpad_N,normal,
dpad_NE,normal,
dpad_E,normal,
dpad_SE,normal,
dpad_S,normal,
dpad_SW,normal,
dpad_W,normal,
dpad_NW,normal,
left_joy_left,normal,left,
left_joy_right,normal,right,

Profile Name,,Sensitive aim,
,,Normal,
Output or Function,Function,usb,
sip_puff_threshold,,55,
mouse_speed,,120,
increment_mode,normal,right_sip,
decrement_mode,normal,right_puff,
dpad_N,normal,
dpad_NE,normal,
dpad_E,normal,
dpad_SE,normal,
dpad_S,normal,
dpad_SW,normal,
dpad_W,normal,
dpad_NW,normal,
left_joy_left,normal,
left_joy_right,normal,

Preferences,
,,,,
Preference,Value,Units,Description,
digital_out_1,0,on/off,Initial output state for relay 1,
digital_out_2,1,on/off,Initial output state for relay 2,

